LR_Forecast,ARIMA_Forecast
486.982911682088,486.3902740124449
491.6575348081043,483.9833890296141
496.33215793412063,482.12700168171915
501.0067810601369,480.6952033157784
505.68140418615326,479.5908828392166
510.3560273121696,478.73914020284866
515.0306504381858,478.08220633808355
519.7052735642022,477.57552499533017
524.3798966902185,477.1847307360234
529.0545198162349,476.883318111913
533.7291429422512,476.65084394472774
538.4037660682675,476.4715407766272
